{
  "0": {
    "precision": 0.9998682947938814,
    "recall": 0.9345455824423186,
    "f1-score": 0.966104005890213,
    "support": 56864.0
  },
  "1": {
    "precision": 0.023865722528193023,
    "recall": 0.9285714285714286,
    "f1-score": 0.04653541293786755,
    "support": 98.0
  },
  "accuracy": 0.934535304237913,
  "macro avg": {
    "precision": 0.5118670086610372,
    "recall": 0.9315585055068736,
    "f1-score": 0.5063197094140403,
    "support": 56962.0
  },
  "weighted avg": {
    "precision": 0.9981891358443706,
    "recall": 0.934535304237913,
    "f1-score": 0.9645219385100415,
    "support": 56962.0
  }
}