{
  "roc_auc": 0.9739903048304297,
  "pr_auc": 0.7183912366856412,
  "threshold": 0.3,
  "n_train": 227845,
  "n_test": 56962,
  "fraud_rate": 0.001727485630620034
}